message,label
"Bhai kal cricket khelne chalna hai, ground par 5 baje",0
"Ammi ki tabiyat ab theek hai, dawai se araam aa gaya",0
"Mujhe airport se pick karne aa jana, flight 6 baje pohanchegi",0
"Naye semester ka schedule aa gaya hai, check kar lena",0
"Kal exam hai, shaam 5 baje par pohanch jana",0
"Result card mil gaya, sab subjects mein pass ho gaya hoon",0
"Doctor ka appointment 5 baje hai, tayyar rehna",0
"SALE! 60% off har item par, sirf is weekend tak, order karein abhi",1
Kal ka paper kaisa gaya tumhara?,0
"Kal function hai, 9 baje par pohanch jana",0
"Aap ne iPhone 15 jeeta hai, abhi claim karein is number par 03451237654",1
"Mera phone kharab ho gaya hai, is number se message kar raha hoon",0
"Kal shaadi hai, dopeher 2 baje par pohanch jana",0
"Interview kaisa gaya tumhara, kab result aayega",0
Kya tumne apni fees jama kara di is mahine ki,0
"Usman ka phone aaya tha, wo job join kar raha hai",0
Ammi bol rahi thi k sabzi le aana aate waqt,0
"Bilal ka phone aaya tha, wo abroad se wapis aa gaya hai",0
"Aap ne Honda bike jeeta hai, abhi claim karein is number par 03211239876",1
Mubarak ho! Aap ne 50000 rupay ka prize jeeta hai. Claim karne ke liye is number par call karein: 03001234567,1
"Bilal ka phone aaya tha, wo kal milne aa rahi hai",0
URGENT: Aapka account block ho jayega agar aap 24 hours mein apni details verify nahi karte. Link: bit.ly/verify-now,1
"Class cancel ho gayi hai aaj, ustaad bimaar hain",0
Free movie ticket milega agar aap is link ko open karein: www.freebie-offer99.com,1
"Kal function hai, shaam 5 baje par pohanch jana",0
"Project ka code push kar diya hai github pe, review kar lena",0
Free grocery voucher milega agar aap is link ko open karein: www.freebie-win2026.com,1
"Kal interview hai, raat 8 baje par pohanch jana",0
"Chemistry ka test agle hafte hai, prepare kar lena",0
Loan chahiye? Bina kisi guarantee ke 500000 tak ka loan sirf 1 din mein. Call now 03331234567,1
"Meeting 3 baje se 4 baje kar di gayi hai, please note kar lena",0
"Ayesha ka phone aaya tha, wo shaadi kar raha hai",0
"Bara acha laga tumse mil kar aaj, phir milte hain",0
"Aap ne 1 lakh cash jeeta hai, abhi claim karein is number par 03331239999",1
"SALE! 90% off har item par, sirf aaj raat tak, order karein abhi",1
"Emergency: aapka bhai hospital mein hai, foran is account mein 20000 bhejein 03451239876",1
"Ahmed ka phone aaya tha, wo job join kar raha hai",0
"Mujhe medicine chahiye, ghar aate waqt le aana",0
"Ammi ban gayi kamai ka mauka, ghar baithy 50000 kamayein, sirf whatsapp karein 03211112222",1
Kal ka test syllabus chapter 5 se 8 tak hai,0
"Computer Science ka test agle hafte hai, prepare kar lena",0
"Ayesha ka phone aaya tha, wo abroad se wapis aa gaya hai",0
"Alert! Aapka Easypaisa account hack ho chuka hai, apna pin turant change karein is number par call kr k",1
"Bhai ye scheme try karo, ghar baithy 1 lakh mahina, koi investment nahi, bus join karo group mein",1
"Kal shaadi hai, raat 8 baje par pohanch jana",0
Wo meeting notes mujhe bhi bhej dena please,0
Free internet package milega agar aap is link ko open karein: www.freebie-pk2026.com,1
"Kal exam hai, dopeher 2 baje par pohanch jana",0
"Free ration package aapke ghar tak, bas apna address aur CNIC send karein is number par",1
"Zaroori: aapka account block ho gaya hai, foran verify karein warna band ho jayega",1
Free mobile recharge milega agar aap is link ko open karein: www.freebie-sale24.com,1
FREE FREE FREE! Sim card lucky draw mein aap winner hain. Abhi call karein 03211234567 warna offer khatam ho jayega,1
Kal exam hall number confirm kar lena notice board se,0
"Mujhe sabzi chahiye, ghar aate waqt le aana",0
"SALE! 50% off har item par, sirf is weekend tak, order karein abhi",1
"Aap ne smart watch jeeta hai, abhi claim karein is number par 03211239876",1
"Sara ka phone aaya tha, wo job join kar raha hai",0
"Mujhe office se late nikal-na pare ga aaj, project deadline hai",0
"Zaroori suchna: aapka SIM 2 din mein band ho jayega, verify karne ke liye ye link open karein",1
"Physics ka test agle hafte hai, prepare kar lena",0
"SALE! 60% off har item par, sirf aaj raat tak, order karein abhi",1
"Kal exam hai, raat 8 baje par pohanch jana",0
"Sale sale sale! Har item pe 70% off, jaldi karein stock khatam ho raha hai, order karein abhi hi",1
"Aap ne PTCL lucky draw mein smart TV jeeti hai, delivery ke liye apna address send karein",1
"SALE! 80% off har item par, sirf is weekend tak, order karein abhi",1
"Usman ka phone aaya tha, wo kal milne aa rahi hai",0
Win karo iPhone 16! Sirf is quiz ko complete karo aur apna number register karo www.quizwin.net,1
"Kal meeting hai, raat 8 baje par pohanch jana",0
Kya tumne wo book parhi jo maine di thi,0
"Usman ka phone aaya tha, wo shaadi kar raha hai",0
"Zaroori: aapka account hack ho gaya hai, foran verify karein warna band ho jayega",1
"Aap ne gold ring jeeta hai, abhi claim karein is number par 03451237654",1
Congratulations! Aap ne Jazz lucky draw mein Toyota Corolla jeet li hai. Details ke liye reply karein WIN,1
Aap ko free recharge mila hai 1000 rupay ka. Claim karne ke liye ye code enter karein: FR1000,1
Free grocery voucher milega agar aap is link ko open karein: www.freebie-sale24.com,1
"Ahmed ka phone aaya tha, wo kal milne aa rahi hai",0
Ye message forward karein 10 logo ko warna aapki 7 saal ki bad luck shuru ho jayegi,1
"Mujhe copy kitab chahiye, ghar aate waqt le aana",0
"Khushkhabri! Aap Careem ki taraf se free ride k winner bane hain, abhi claim karein link par click kr k",1
"Ammi kaha ja rahi ho, mujhe bhi lena chalo bazar",0
"Aaj ka lecture online hoga, link group mein bhej diya hai",0
"SPECIAL OFFER sirf aap ke liye: 1 kharido 3 pao, abhi order karein, cash on delivery available",1
"Kal shaadi hai, shaam 5 baje par pohanch jana",0
"GRAND SALE! Sab kuch half price mein, ye offer sirf aaj raat tak, jaldi order karein",1
"Bank alert: Suspicious activity detected, apna account number aur password confirm karein is number par",1
"Bilkul FREE mein Netflix 1 saal k liye, bas is link pe apni details fill karein netflix-free-pk.com",1
"Kal meeting hai, dopeher 2 baje par pohanch jana",0
"Aapko Careem se 500 rupay ka voucher mila hai, abhi redeem karein warna expire ho jayega",1
"Ghar pe sab theek hain, tum kaisay ho wahan",0
"SALE! 50% off har item par, sirf aaj raat tak, order karein abhi",1
"Aap ne 50000 rupay jeeta hai, abhi claim karein is number par 03001234567",1
"Kal meeting hai, 9 baje par pohanch jana",0
Free internet package milega agar aap is link ko open karein: www.freebie-sale24.com,1
"Bilal ka phone aaya tha, wo job join kar raha hai",0
"Aap ne iPhone 15 jeeta hai, abhi claim karein is number par 03211239876",1
"Dinner ready hai, ghar aa jao jaldi",0
"Office se nikal raha hoon, ghar pahunch kar call karta hoon",0
Free mobile recharge milega agar aap is link ko open karein: www.freebie-win2026.com,1
"SALE! 90% off har item par, sirf agle 2 ghante tak, order karein abhi",1
"Ayesha ka phone aaya tha, wo job join kar raha hai",0
"Usman ka phone aaya tha, wo abroad se wapis aa gaya hai",0
"Kal interview hai, dopeher 2 baje par pohanch jana",0
"Assalam o alaikum, umeed hai aap theek honge",0
"Kal shaadi mein chalna hai, kapre ready kar lena",0
"Investment scheme: 10000 lagayein, 1 mahine mein 50000 payein, guaranteed returns, abhi join karein",1
"Ye ek chain message hai, ise forward na karne par bad luck aayega, 10 logo ko bhejein abhi",1
Assignment ki deadline extend ho gayi hai agle Monday tak,0
"Sara ka phone aaya tha, wo shaadi kar raha hai",0
LAST CHANCE! Sirf 2 ghante baaki hain is amazing deal ke liye. Click here www.dealz-pk.com abhi,1
Aapke number par 25 lakh ka lottery nikla hai UK se. Apni bank details is email par bhejein claim@lottery-uk.com,1
Papa ne bola hai ghar jaldi aana aaj,0
"SALE! 90% off har item par, sirf kal subah tak, order karein abhi",1
"Aap ne gold ring jeeta hai, abhi claim karein is number par 03211239876",1
Wo file mujhe email kar dena jab time mile,0
"Kal ki flight cancel ho gayi hai, agli booking dekh rahe hain",0
"Aap ne smart watch jeeta hai, abhi claim karein is number par 03451237654",1
"Zaroori: aapka account expire ho raha hai, foran verify karein warna band ho jayega",1
"Exam ka result aa gaya hai, mujhe A grade mila",0
"SALE! 70% off har item par, sirf aaj raat tak, order karein abhi",1
Alert: Aapke account se 45000 debit hua hai. Agar ye aap nahi thay to is number par call karein turant,1
"Bhai mujhe 2000 rupay chahiye, wapis kar dunga agle hafte",0
"Aapka parcel customs mein rok diya gaya hai, clearance fee bhejein warna wapis chala jayega",1
"Mujhe roti chahiye, ghar aate waqt le aana",0
"Aap ne iPhone 15 jeeta hai, abhi claim karein is number par 03331239999",1
"Free mobile balance 500 rs abhi milega, bas ye message 5 logo ko forward karein pehle",1
"Aap ne 1 lakh cash jeeta hai, abhi claim karein is number par 03211239876",1
Free grocery voucher milega agar aap is link ko open karein: www.freebie-pk2026.com,1
"Assalam o alaikum, apki family member ne emergency mein paise mangwaye hain, is account mein bhejein 03211110000",1
Chai piyoge? Main bana raha hoon abhi,0
"Bilal ka phone aaya tha, wo shaadi kar raha hai",0
"Bhai gari ka tel khatam ho raha hai, petrol dalwa lena",0
"Aap ne gold ring jeeta hai, abhi claim karein is number par 03331239999",1
"Aap ne Honda bike jeeta hai, abhi claim karein is number par 03331239999",1
"Aap ne 50000 rupay jeeta hai, abhi claim karein is number par 03331239999",1
Free mobile recharge milega agar aap is link ko open karein: www.freebie-pk2026.com,1
"Ahmed ka phone aaya tha, wo shaadi kar raha hai",0
"Aap ne gold ring jeeta hai, abhi claim karein is number par 03001234567",1
"Aap ko Daraz ki taraf se 5000 ka gift voucher mila hai, abhi claim karein, offer limited hai",1
"Weather bohat acha hai aaj, chalo park chalte hain",0
Sirf Rs 500 mein iPhone 15 pro! Limited stock. Order karne ke liye WhatsApp karein 03451234567,1
Free movie ticket milega agar aap is link ko open karein: www.freebie-pk2026.com,1
"Kal meeting hai, shaam 5 baje par pohanch jana",0
"Kal shaadi hai, 9 baje par pohanch jana",0
"Kal exam hai, 9 baje par pohanch jana",0
"Sara ka phone aaya tha, wo abroad se wapis aa gaya hai",0
Free movie ticket milega agar aap is link ko open karein: www.freebie-win2026.com,1
"SALE! 70% off har item par, sirf agle 2 ghante tak, order karein abhi",1
Free internet package milega agar aap is link ko open karein: www.freebie-win2026.com,1
"Sara ka phone aaya tha, wo kal milne aa rahi hai",0
"Job offer: Ghar baithy typing kaam, 30000 mahina guaranteed, join karne ke liye link pe click karein",1
"Math ka test agle hafte hai, prepare kar lena",0
"SALE! 50% off har item par, sirf kal subah tak, order karein abhi",1
"SALE! 70% off har item par, sirf kal subah tak, order karein abhi",1
"Aap ne WhatsApp lucky draw jeet liya hai, 100000 rupay claim karne k liye apna CNIC number bhejein",1
"Aap ne 50000 rupay jeeta hai, abhi claim karein is number par 03451237654",1
"Kal interview hai, shaam 5 baje par pohanch jana",0
"Kitni der lagegi tumhe, main station pe wait kar raha hoon",0
"Bank se: aapka ATM card suspend ho gaya hai, apna PIN is number par send karein confirm k liye 03009998887",1
"English ka test agle hafte hai, prepare kar lena",0
"Bohat dinon baad baat hui, kaisay ho aajkal",0
"SALE! 80% off har item par, sirf aaj raat tak, order karein abhi",1
"Aap ne smart watch jeeta hai, abhi claim karein is number par 03001234567",1
"Class mein aaj attendance zaroor lagwana, important hai",0
Free mobile recharge milega agar aap is link ko open karein: www.freebie-offer99.com,1
"Bhai tumhara parcel aa gaya hai, ghar pe rakh diya hai",0
"Meri tabiyat thodi kharab hai, aaj office nahi aa sakta",0
"Kal function hai, dopeher 2 baje par pohanch jana",0
"Foreign company mein job, bina interview k, salary 80000, apply karne ke liye link open karein",1
"Kya tum weekend pe free ho, movie dekhne chalte hain",0
"Mujhe thoda late ho jayega, traffic bohat zyada hai",0
"Aap ne Honda bike jeeta hai, abhi claim karein is number par 03451237654",1
Zabardast offer sirf aaj ke liye! 90% discount har cheez par. Click karein www.megasale-offer.com,1
"Mummy ne biryani banai hai, aaj ghar aana zaroor",0
"Click here to win a brand new laptop absolutely free, offer valid for next 1 hour only",1
"Aapko UAE se job offer mili hai, visa free, salary 150000, apply karne k liye apni details bhejein",1
"SALE! 80% off har item par, sirf kal subah tak, order karein abhi",1
Assignment submit kar diya kya? Deadline kal hai,0
Kal ka lecture postpone ho gaya hai agle hafte ke liye,0
"Ghar ki safai kal karni hai, sab log time nikal lena",0
"Aap ne iPhone 15 jeeta hai, abhi claim karein is number par 03001234567",1
"Aap ne smart watch jeeta hai, abhi claim karein is number par 03331239999",1
"Aapke number ne Telenor ki taraf se bike jeeti hai, apni details confirm karne ke liye reply karein",1
"SALE! 60% off har item par, sirf agle 2 ghante tak, order karein abhi",1
"Ayesha ka phone aaya tha, wo kal milne aa rahi hai",0
"Kal interview hai, 9 baje par pohanch jana",0
"Aapka number lucky number nikla hai is mahine ka, prize claim karne ke liye WhatsApp karein",1
"Mujhe doodh chahiye, ghar aate waqt le aana",0
"Zaroori: aapka account suspend ho jayega, foran verify karein warna band ho jayega",1
"Bhabhi ka phone aaya tha, wo kal aayengi milne",0
"SALE! 70% off har item par, sirf is weekend tak, order karein abhi",1
"Happy birthday yaar, Allah tumhe lambi umar de",0
Free movie ticket milega agar aap is link ko open karein: www.freebie-sale24.com,1
"Kal milte hain office mein, subah 9 baje meeting hai",0
"Kal function hai, raat 8 baje par pohanch jana",0
"Ahmed ka phone aaya tha, wo abroad se wapis aa gaya hai",0
